year,state,inventory_colonies,loss_pct,stressor_disease_pct,stressor_other_pct,stressor_pesticides_pct,stressor_pests_pct,stressor_unknown_pct,stressor_varroa_mites_pct,annual_avg_temp,annual_total_precip,annual_avg_ndvi,annual_total_sightings
2015,ALABAMA,7000.0,15.5,0.05,4.324999999999999,1.825,31.225,8.275,23.225,64.61666666666666,61.36,-0.03876954666840104,243.0
2015,ARIZONA,26000.0,19.0,1.775,9.525,10.225000000000001,19.775000000000002,6.0,34.725,61.75,14.39,-0.0033831903049486834,89.0
2015,ARKANSAS,24000.0,16.0,2.375,9.675,9.8,29.224999999999998,3.075,47.7,61.4,67.31,-0.024834337439903802,169.0
2015,CALIFORNIA,275000.0,11.75,7.375,11.55,15.45,15.45,4.475,38.2,60.75833333333333,15.040000000000001,-0.08798117802212006,362.0
2015,COLORADO,29000.0,11.25,7.574999999999999,4.525,9.899999999999999,7.1499999999999995,4.25,37.825,47.44166666666666,21.73,-0.00024733144692989164,513.0
2015,FLORIDA,220000.0,14.75,3.175,10.899999999999999,14.075,20.0,4.35,33.325,73.35833333333333,52.86,-0.6254817246537436,107.0
2015,GEORGIA,69000.0,15.0,3.775,7.225,14.25,13.125,4.875,37.525,65.30833333333332,55.74,-0.05479641111877654,11.0
2015,HAWAII,16000.0,7.25,0.55,1.925,0.05,53.275,0.025,52.0,30.03333333333333,40.1,,
2015,IDAHO,89000.0,9.75,6.25,6.9,6.2,4.8,4.025,37.75,46.375,22.52,-0.01423729714274946,1.0
2015,ILLINOIS,8000.0,17.25,0.44999999999999996,4.825,1.05,4.025,4.525,9.925,52.86666666666667,48.8,-0.01120184201061395,9.0
2015,INDIANA,6000.0,13.25,4.575,7.075,2.275,3.225,5.9,16.224999999999998,52.30833333333334,47.510000000000005,-0.006073459313956509,
2015,IOWA,36000.0,11.0,2.05,12.775,5.575,3.125,2.525,29.575,49.26666666666667,42.51,-0.002115970420406433,206.0
2015,KANSAS,8000.0,21.0,0.6,15.425,13.375,11.175,7.25,28.525,56.300000000000004,32.769999999999996,-0.004328821238319275,
2015,KENTUCKY,5000.0,19.25,2.35,12.1,5.15,13.75,4.875,23.775,56.56666666666666,58.3,-0.012430584748548948,1130.0
2015,LOUISIANA,44000.0,7.75,1.125,3.375,1.25,2.925,0.75,22.599999999999998,68.09166666666667,67.31,-0.513704722236764,
2015,MAINE,10000.0,6.5,3.3249999999999997,2.675,8.625,9.55,2.55,26.099999999999998,41.225,43.16,-0.37253484750457305,211.0
2015,MICHIGAN,90000.0,12.5,2.25,7.425,7.125,9.125,5.05,29.0,45.10833333333333,31.74,-0.3067756827991226,506.0
2015,MINNESOTA,122000.0,12.25,4.300000000000001,5.625,17.25,7.4,6.875,25.924999999999997,43.49166666666667,29.46,-0.15071378996493398,1238.0
2015,MISSISSIPPI,15000.0,9.25,0.175,2.0,0.8250000000000001,4.725,1.375,18.9,65.29166666666667,60.57,-0.012323735828565335,27.0
2015,MISSOURI,10000.0,8.25,2.9,3.9250000000000003,1.9749999999999999,7.475,4.15,8.025,55.84166666666667,55.519999999999996,-0.0219332404040169,
2015,MONTANA,146000.0,5.75,6.625,3.375,4.95,9.399999999999999,6.775,26.425,44.85833333333333,16.88,-0.015635611594479418,291.0
2015,NEBRASKA,57000.0,8.0,2.8,1.85,3.85,4.325,2.625,15.275,50.800000000000004,28.06,0.000254226688159925,
2015,NEW JERSEY,12000.0,6.5,7.7,5.5,9.4,5.0,5.249999999999999,26.875,53.86666666666667,43.86,-0.29625952524598953,184.0
2015,NEW YORK,58000.0,12.0,2.875,6.2250000000000005,6.7,7.9,4.275,22.8,45.69166666666666,40.64,-0.17231753152485094,2.0
2015,NORTH CAROLINA,12000.0,14.25,0.4,5.775,8.575,11.975,6.7749999999999995,32.5,60.51666666666666,58.32,-0.5561045486079171,221.0
2015,NORTH DAKOTA,490000.0,9.75,2.5,3.7249999999999996,4.525,5.625,1.55,15.45,43.375,17.72,-0.031137479799299348,
2015,OHIO,17000.0,20.0,1.65,11.275,11.399999999999999,5.625,8.975,23.375,51.61666666666667,43.01,-0.03306376792391845,152.0
2015,OREGON,71000.0,7.75,5.075,3.4749999999999996,5.3,11.25,1.7,32.975,50.35833333333333,30.17,-0.044855602626504835,224.0
2015,PENNSYLVANIA,17000.0,14.25,2.3,8.125,2.225,6.925,2.55,29.200000000000003,49.458333333333336,43.09,-0.005733545127754858,12291.0
2015,SOUTH CAROLINA,14000.0,12.5,4.85,4.25,4.5249999999999995,10.4,1.65,28.25,64.49166666666666,60.66,-0.14246457895171954,11.0
2015,SOUTH DAKOTA,290000.0,8.5,1.5,1.7249999999999999,4.175,5.575,3.275,12.45,47.53333333333333,22.78,-0.011579462857832875,1.0
2015,TENNESSEE,7000.0,13.5,0.575,6.225,4.8,27.525,3.0,41.1,59.03333333333333,59.16,-0.029497968380242993,5.0
2015,TEXAS,126000.0,10.75,2.875,4.15,10.625,17.45,5.6,23.1,65.8,41.230000000000004,-0.108194587966653,155.0
2015,UTAH,27000.0,14.0,12.4,4.15,12.625000000000002,11.450000000000001,0.55,39.175,50.73333333333333,15.41,-0.2564024151671665,654.0
2015,VERMONT,5000.0,7.75,0.25,1.9749999999999999,0.15,6.2,5.15,21.45,42.63333333333333,42.44,-0.16450017494802963,568.0
2015,VIRGINIA,5000.0,12.75,1.45,5.525,0.9750000000000001,13.45,8.925,25.125,56.53333333333333,49.76,-0.16313658321816574,19.0
2015,WASHINGTON,73000.0,9.0,1.2249999999999999,4.0,1.825,1.125,0.8500000000000001,30.675,49.975,43.25,-0.16373588420140942,2267.0
2015,WEST VIRGINIA,5000.0,13.75,1.2750000000000001,7.6,2.325,6.35,3.05,18.525,53.14166666666667,48.62,0.0003659373490191333,
2015,WISCONSIN,52000.0,16.0,3.625,10.675,14.875,10.725,10.75,37.699999999999996,44.81666666666666,35.88,-0.0812590547895385,215.0
2015,WYOMING,38000.0,10.5,3.45,5.575,4.375,8.049999999999999,1.6749999999999998,23.375,44.15833333333333,16.71,-0.009865690629295916,1.0
2016,ALABAMA,7000.0,14.75,1.2,4.275,3.9999999999999996,20.525000000000002,8.450000000000001,14.45,65.34166666666667,45.01,-0.03875799324855122,694.0
2016,ARIZONA,27000.0,18.0,5.1,10.4,9.925,16.7,5.7,50.275,62.175000000000004,12.28,-0.0033877431352721497,243.0
2016,ARKANSAS,24000.0,11.75,1.475,2.275,2.45,7.3,3.3249999999999997,61.025,62.791666666666664,50.44,-0.024818536332889853,
2016,CALIFORNIA,310000.0,12.0,9.175,10.925,13.9,15.2,4.35,42.975,60.13333333333333,25.73,-0.08798512488843584,685.0
2016,COLORADO,32000.0,12.0,5.175000000000001,7.225,7.325000000000001,7.1499999999999995,0.175,30.825,47.28333333333333,17.08,-0.00024794414932364166,1583.0
2016,FLORIDA,215000.0,12.75,5.2,8.5,10.85,19.9,2.925,36.95,72.46666666666667,53.41,-0.6254752249217663,9.0
2016,GEORGIA,96000.0,12.25,2.55,6.6499999999999995,17.375,15.299999999999999,3.4,41.474999999999994,65.79166666666667,40.9,-0.05478888333441125,60.0
2016,HAWAII,18000.0,4.75,0.025,1.05,0.4,38.925,0.025,35.9,31.883333333333336,37.07,,
2016,IDAHO,97000.0,9.5,3.5250000000000004,5.25,4.2,3.15,2.6,27.475,45.09166666666667,24.88,-0.014241552563667817,1.0
2016,ILLINOIS,10000.0,10.75,1.05,4.025,3.9,7.6,4.275,17.25,54.73333333333333,39.74,-0.011180836110925957,683.0
2016,INDIANA,8000.0,9.25,0.575,3.375,1.1,7.15,3.7,27.125,54.225,43.379999999999995,-0.006047971614881625,1.0
2016,IOWA,37000.0,12.75,10.55,10.95,7.25,11.350000000000001,5.6,31.9,50.71666666666667,38.1,-0.0021069804446363334,1.0
2016,KANSAS,7000.0,24.25,4.325,3.925,10.4,13.850000000000001,2.8,37.4,57.166666666666664,30.68,-0.004310610571924233,1.0
2016,KENTUCKY,5000.0,13.5,1.65,11.55,12.3,23.275,5.6000000000000005,38.25,57.925000000000004,49.19,-0.012415724487446808,618.0
2016,LOUISIANA,50000.0,11.0,4.9,5.975,0.6,10.6,1.1,21.475,68.74166666666666,67.08,-0.5136958767406554,1.0
2016,MAINE,12000.0,9.5,1.2249999999999999,2.4,7.775,0.325,7.35,26.5,43.25833333333333,41.36,-0.3725234134655358,21.0
2016,MICHIGAN,89000.0,11.25,0.375,5.9,7.2,9.025,3.9250000000000003,37.0,47.36666666666667,35.86,-0.3067707021392014,169.0
2016,MINNESOTA,124000.0,13.75,4.0,9.85,17.45,8.825,9.975,26.9,44.56666666666666,33.54,-0.15071245817863033,666.0
2016,MISSISSIPPI,19000.0,11.0,0.725,2.15,1.925,3.35,5.525,18.875,65.90833333333333,53.129999999999995,-0.01230832009589996,29.0
2016,MISSOURI,8000.0,7.75,0.575,2.675,1.5999999999999999,7.225,2.475,16.7,57.44166666666666,39.44,-0.02191083407029523,
2016,MONTANA,159000.0,6.25,11.1,11.6,6.25,13.825,8.675,32.975,44.625,21.17,-0.015629843392185643,
2016,NEBRASKA,48000.0,12.0,0.35,0.9750000000000001,3.8499999999999996,0.875,1.425,9.7,51.65,25.31,0.0002589131911590542,
2016,NEW JERSEY,12000.0,7.5,0.5,1.65,2.75,5.1,5.300000000000001,17.175,54.949999999999996,39.589999999999996,-0.2962451433093173,
2016,NEW YORK,64000.0,14.5,2.875,10.125,9.25,5.05,2.775,28.275,47.65,38.17,-0.17229785251940555,
2016,NORTH CAROLINA,12000.0,11.5,2.125,9.55,9.85,11.775,12.100000000000001,28.275,60.84166666666667,50.61,-0.5560961238616503,6.0
2016,NORTH DAKOTA,485000.0,8.75,2.4749999999999996,4.05,3.6,5.85,4.3,20.1,44.36666666666667,21.85,-0.031132006543454434,
2016,OHIO,15000.0,11.75,0.9749999999999999,6.975,6.675000000000001,8.8,5.2,38.7,53.574999999999996,37.39,-0.0330378051757812,25.0
2016,OREGON,74000.0,5.25,10.175,6.7,3.75,12.7,2.275,37.875,48.76666666666667,34.68,-0.044870853625846474,2.0
2016,PENNSYLVANIA,19000.0,13.25,1.325,4.45,3.625,4.625,2.45,27.375,50.93333333333334,38.99,-0.0057087186812196,9650.0
2016,SOUTH CAROLINA,16000.0,11.5,6.25,11.975,16.25,21.200000000000003,2.4749999999999996,27.849999999999998,64.85833333333333,46.25,-0.14245476248346559,169.0
2016,SOUTH DAKOTA,280000.0,10.0,4.05,5.375,8.45,7.8500000000000005,0.8749999999999999,32.575,48.35,20.68,-0.011584160627796257,23.0
2016,TENNESSEE,6000.0,11.25,0.4,6.9,1.9,18.625,4.65,25.75,60.300000000000004,47.04,-0.029489048308519148,
2016,TEXAS,133000.0,10.0,3.675,4.4,11.7,11.925,2.925,31.450000000000003,67.14999999999999,32.1,-0.10818683169223088,1414.0
2016,UTAH,31000.0,11.75,0.675,2.05,7.6,6.8500000000000005,0.825,26.924999999999997,50.23333333333334,14.04,-0.25640339932985295,722.0
2016,VERMONT,6000.0,4.25,10.825000000000001,0.8999999999999999,10.25,12.35,0.65,13.5,44.65,38.62,-0.1644810669739696,492.0
2016,VIRGINIA,5000.0,10.25,2.475,4.85,2.175,13.875,3.8499999999999996,31.575000000000003,57.11666666666667,45.41,-0.16312838568659063,4.0
2016,WASHINGTON,84000.0,7.25,2.3,5.449999999999999,8.25,6.975,1.525,37.7,48.574999999999996,49.14,-0.16375107269582292,7.0
2016,WEST VIRGINIA,5000.0,12.75,2.5,8.5,0.45,3.275,2.6,26.825,54.14166666666667,45.36,0.00038353124923085,1.0
2016,WISCONSIN,54000.0,12.75,8.675,10.35,13.1,7.775,19.55,37.099999999999994,46.19166666666666,39.39,-0.08125635819262332,1.0
2016,WYOMING,40000.0,10.25,1.25,1.9500000000000002,2.725,1.925,0.6,19.475,43.90833333333333,17.28,-0.009871677115256416,1.0
2017,ALABAMA,7000.0,13.0,2.25,6.325,13.075,13.9,5.925000000000001,32.4,65.03333333333333,64.19,-0.03876438664350713,286.0
2017,ARIZONA,22000.0,17.25,6.574999999999999,10.85,4.2,5.625,2.3000000000000003,43.85,63.03333333333333,9.47,-0.003382013548867075,227.0
2017,ARKANSAS,29000.0,19.25,7.15,9.775,13.1,15.625,1.55,37.45,62.541666666666664,50.26,-0.024824871469107817,2.0
2017,CALIFORNIA,335000.0,11.25,5.9,9.65,13.15,12.55,4.9,41.475,60.34166666666667,28.17,-0.08798114448949264,94.0
2017,COLORADO,33000.0,12.75,2.6999999999999997,7.625,8.3,0.9666666666666667,1.7999999999999998,32.85,47.925000000000004,18.91,-0.00024383552458964166,1070.0
2017,FLORIDA,205000.0,17.0,4.7,7.925000000000001,9.975,14.8,21.125,39.6,72.84166666666667,58.63,-0.6254818159263444,20.0
2017,GEORGIA,99000.0,11.75,3.95,7.4,9.65,11.475,4.025,43.45,65.825,49.8,-0.054795678219680594,7.0
2017,HAWAII,19000.0,2.5,0.19999999999999998,0.65,0.0,19.049999999999997,0.03333333333333333,37.525000000000006,29.325,38.06,,
2017,IDAHO,95000.0,9.25,17.674999999999997,5.175,14.975,21.174999999999997,2.625,48.1,44.25833333333333,28.83,-0.014250197031344142,110.0
2017,ILLINOIS,11000.0,14.25,1.2,6.25,4.35,10.45,4.425,22.825,54.39166666666667,37.8,-0.011184341441426384,326.0
2017,INDIANA,8000.0,14.5,1.85,6.675,13.0,5.4,4.575,14.675,53.975,45.61,-0.006050492592660675,
2017,IOWA,35000.0,12.0,7.65,10.475,18.775,17.15,5.075,37.775,50.0,32.35,-0.002110645446866525,12.0
2017,KANSAS,7000.0,17.5,4.7,4.949999999999999,13.775,17.95,9.575,36.95,56.5,29.03,-0.004325949000411892,1.0
2017,KENTUCKY,5000.0,15.25,1.625,9.05,3.8499999999999996,21.675,9.425,39.575,57.81666666666666,50.26,-0.012414968912115859,184.0
2017,LOUISIANA,43000.0,9.0,0.175,2.975,1.4000000000000001,28.450000000000003,6.95,34.925,68.71666666666667,64.06,-0.5136976594946427,
2017,MAINE,12000.0,10.75,8.975,7.525,4.075,8.075,3.725,14.149999999999999,42.36666666666667,45.32,-0.3725447042331837,
2017,MICHIGAN,87000.0,11.25,3.5249999999999995,4.625,10.325,8.25,2.325,34.4,46.291666666666664,39.269999999999996,-0.3067752293686172,393.0
2017,MINNESOTA,126000.0,10.0,2.1,8.6,15.725,3.45,3.35,31.325,42.63333333333333,28.3,-0.15071724834983494,1955.0
2017,MISSISSIPPI,18000.0,8.75,0.6999999999999998,5.95,0.875,11.774999999999999,1.75,36.525,65.77499999999999,58.93,-0.012312672090082367,31.0
2017,MISSOURI,8000.0,8.75,1.825,4.075,9.450000000000001,18.625,10.925,31.1,57.15,41.45,-0.02191719340976626,45.0
2017,MONTANA,145000.0,6.5,3.5500000000000003,8.7,3.5250000000000004,7.475,1.7,37.625,43.175000000000004,17.43,-0.01564408166294416,
2017,NEBRASKA,42000.0,8.75,1.4749999999999999,7.8999999999999995,11.700000000000001,12.149999999999999,3.425,26.65,50.666666666666664,25.34,0.00025302064123809166,390.0
2017,NEW JERSEY,13000.0,5.25,1.75,1.2,1.8,4.0,0.825,16.825,54.59166666666667,44.919999999999995,-0.29624482474701547,
2017,NEW YORK,57000.0,10.0,6.525,9.025,5.300000000000001,11.0,3.825,27.5,46.925000000000004,47.379999999999995,-0.17231849271921665,1.0
2017,NORTH CAROLINA,11000.0,14.25,2.425,7.8999999999999995,6.025,18.825,3.475,49.2,61.0,47.96,-0.5560993083662956,23.0
2017,NORTH DAKOTA,455000.0,5.25,1.7,3.1,3.475,8.1,0.85,28.450000000000003,42.00833333333333,12.99,-0.03114934104286414,
2017,OHIO,15000.0,13.75,4.65,10.475,5.9,15.100000000000001,7.35,42.025,53.225,45.5,-0.03304486909370826,8.0
2017,OREGON,78000.0,9.5,14.55,10.375,10.0,13.25,5.8500000000000005,42.725,48.03333333333333,36.22,-0.04487061926260342,98.0
2017,PENNSYLVANIA,16000.0,14.0,1.3,2.775,3.75,3.625,2.975,30.125,50.60833333333333,46.61,-0.005715079413314034,9381.0
2017,SOUTH CAROLINA,16000.0,9.5,7.574999999999999,3.475,5.7,14.55,1.225,23.725,65.06666666666666,46.57,-0.14245709275793647,26.0
2017,SOUTH DAKOTA,255000.0,7.5,2.525,9.925,5.225,3.725,2.275,19.075,46.76666666666667,17.63,-0.011591053718759925,
2017,TENNESSEE,7000.0,15.5,1.05,7.875,3.375,19.775,8.275,36.9,59.96666666666667,56.22,-0.029492552421653398,2.0
2017,TEXAS,120000.0,10.5,2.675,7.1000000000000005,11.1,20.925,2.925,33.125,67.31666666666666,30.28,-0.10819653323191868,67.0
2017,UTAH,27000.0,12.25,2.975,9.975,6.5,2.575,7.300000000000001,35.050000000000004,50.725,12.83,-0.25639927616720354,581.0
2017,VERMONT,7000.0,4.5,7.300000000000001,3.45,18.46666666666667,13.625,1.3,30.674999999999997,43.800000000000004,46.3,-0.16451219337490958,626.0
2017,VIRGINIA,6000.0,12.75,1.625,5.125,4.05,19.475,4.675000000000001,27.824999999999996,57.30833333333334,41.56,-0.16312639640677182,108.0
2017,WASHINGTON,77000.0,9.75,2.066666666666667,3.175,2.25,3.45,1.85,18.375,46.81666666666666,48.73,-0.16375614315606615,1.0
2017,WEST VIRGINIA,6000.0,9.75,1.45,8.225,0.275,3.525,2.575,27.675,54.00833333333333,47.01,0.00038732114615730836,5.0
2017,WISCONSIN,53000.0,14.5,13.600000000000001,8.875,12.2,15.375,9.525,36.875,44.71666666666667,37.57,-0.08125888954267667,
2017,WYOMING,39000.0,13.0,7.625,5.0,3.2750000000000004,1.875,2.566666666666667,23.525,43.19166666666667,18.66,-0.009870374195276374,2.0
2018,ALABAMA,6000.0,13.0,1.3,7.3,11.35,36.85,5.225,38.125,64.45,64.4,-0.03876205142527746,99.0
2018,ARIZONA,24000.0,20.25,11.25,11.075,6.633333333333334,5.525,9.725000000000001,45.8,62.26666666666667,11.67,-0.003387984013188333,282.0
2018,ARKANSAS,28000.0,18.5,0.45,6.85,29.075,9.325,7.475,41.175,61.166666666666664,64.32,-0.024830481999354257,
2018,CALIFORNIA,335000.0,11.75,7.55,9.575,13.65,11.175,5.15,46.05,60.125,18.09,-0.08798559396488768,190.0
2018,COLORADO,31000.0,15.0,5.7749999999999995,8.125,2.3333333333333335,7.766666666666668,2.15,54.8,47.166666666666664,14.959999999999999,-0.0002543868298239917,3183.0
2018,FLORIDA,215000.0,16.0,6.825,9.475,11.6,21.425,13.4,39.675,72.275,60.52,-0.6254874371595387,4.0
2018,GEORGIA,98000.0,13.75,6.575,17.525,16.05,20.599999999999998,6.8,45.95,65.08333333333333,60.8,-0.05479535492213545,
2018,HAWAII,17000.0,7.0,0.20000000000000004,0.275,0.025,87.275,0.06666666666666667,82.525,30.416666666666668,37.9,,
2018,IDAHO,96000.0,10.75,7.0,7.075,16.075,15.55,3.75,57.1,44.525000000000006,21.88,-0.014244195984564667,13.0
2018,ILLINOIS,11000.0,15.75,3.7,7.175000000000001,4.5,10.675,6.5,21.95,52.475,45.79,-0.011191621345239017,35.0
2018,INDIANA,7000.0,19.5,7.15,12.9,22.549999999999997,11.325,1.9,48.05,52.59166666666667,50.03,-0.0060568172892500665,
2018,IOWA,38000.0,10.0,4.65,10.075,10.125,11.85,1.9249999999999998,25.75,47.49166666666667,45.08,-0.002120443775795558,51.0
2018,KANSAS,5000.0,17.0,8.725,13.825,20.225,33.575,11.25,61.15,54.6,31.85,-0.004332756200935717,280.0
2018,KENTUCKY,4000.0,19.5,1.075,5.525,5.075,29.55,5.925,47.025,56.958333333333336,63.74,-0.012424758790048182,8.0
2018,LOUISIANA,45000.0,4.75,0.225,1.925,2.2750000000000004,10.8,1.55,15.225000000000001,67.77499999999999,66.39,-0.5137025049733012,
2018,MAINE,12000.0,13.5,0.5,2.6,0.325,1.875,2.6666666666666665,17.825,41.766666666666666,46.45,-0.3725441354608381,
2018,MICHIGAN,97000.0,11.75,7.050000000000001,11.65,14.5,16.775,10.225000000000001,60.300000000000004,45.10833333333333,36.17,-0.30677912214910724,442.0
2018,MINNESOTA,119000.0,12.25,4.825,5.55,10.725,6.9,8.2,21.95,40.59166666666667,30.08,-0.15073482884694714,1062.0
2018,MISSISSIPPI,20000.0,9.75,0.1,4.1,0.44999999999999996,11.575,12.075000000000001,25.825,64.77499999999999,66.81,-0.01231558836424776,7.0
2018,MISSOURI,9000.0,9.5,0.8500000000000001,11.05,2.125,29.475,7.925,38.25,55.199999999999996,43.0,-0.0219310001452817,8.0
2018,MONTANA,160000.0,6.666666666666667,8.966666666666667,6.425,13.025,12.066666666666668,1.3333333333333333,39.075,41.275,19.98,-0.015643759055794248,4.0
2018,NEBRASKA,40000.0,7.75,2.0,4.475,3.45,1.725,2.85,9.15,48.25833333333333,29.22,0.000249152005144775,
2018,NEW JERSEY,13000.0,5.75,0.10000000000000002,3.4,0.15,3.375,0.4,14.425,54.175000000000004,64.76,-0.29625545053394886,
2018,NEW YORK,56000.0,8.75,10.7,13.85,8.825,14.25,5.1499999999999995,32.900000000000006,46.19166666666666,48.59,-0.17232967910690042,340.0
2018,NORTH CAROLINA,10000.0,16.5,4.0,12.625,3.275,10.274999999999999,4.275,39.6,60.43333333333333,68.35,-0.5561048364532548,3.0
2018,NORTH DAKOTA,550000.0,6.75,5.925,5.225,6.425,7.225,2.525,29.575,39.791666666666664,17.77,-0.031156861177035502,
2018,OHIO,14000.0,16.5,2.725,12.925,3.825,21.849999999999998,6.05,41.65,52.19166666666666,50.93,-0.033049372069154016,5.0
2018,OREGON,93000.0,8.0,8.075,7.725,18.3,2.9,0.55,45.85,48.44166666666666,25.41,-0.04486816297498114,3502.0
2018,PENNSYLVANIA,19000.0,12.75,3.525,4.25,6.475,10.1,4.95,29.025,49.75833333333333,64.04,-0.005732950482358458,5869.0
2018,SOUTH CAROLINA,16000.0,11.25,0.6,8.1,9.5,22.125,3.1,38.125,64.25,57.300000000000004,-0.1424629250992063,640.0
2018,SOUTH DAKOTA,255000.0,9.25,5.866666666666667,21.275,4.633333333333334,18.675,1.4000000000000001,31.75,44.13333333333333,23.25,-0.0115940682699387,
2018,TENNESSEE,7000.0,20.25,1.9749999999999999,8.524999999999999,7.75,29.325,7.35,44.9,59.074999999999996,67.14,-0.029495300905799673,
2018,TEXAS,132000.0,9.0,4.7,4.8,3.475,12.675,7.375,21.35,66.0,33.72,-0.1082107358959155,49.0
2018,UTAH,26000.0,9.75,1.925,2.25,2.475,7.25,2.0,36.05,50.4,11.58,-0.25640448519474984,957.0
2018,VERMONT,7000.0,6.75,1.325,1.225,10.350000000000001,2.225,0.4,18.575,43.21666666666667,47.07,-0.16450942307257768,137.0
2018,VIRGINIA,4000.0,15.5,4.55,12.05,6.5,24.25,5.575,36.2,56.56666666666666,63.53,-0.1631332977633498,61.0
2018,WASHINGTON,77000.0,9.75,5.225,5.175,4.275,2.85,1.275,26.5,48.050000000000004,41.32,-0.1637477754007264,2.0
2018,WEST VIRGINIA,6000.0,15.25,0.95,11.350000000000001,3.45,20.825,5.425000000000001,28.825,53.300000000000004,65.1,0.00037696789706894167,2.0
2018,WISCONSIN,51000.0,15.0,5.9,11.7,18.15,20.4,3.5,32.625,43.208333333333336,39.74,-0.08127295700564105,2.0
2018,WYOMING,39000.0,7.25,1.75,2.225,4.475,2.775,2.5,22.424999999999997,42.40833333333333,16.12,-0.009871912637233733,7.0
2019,ALABAMA,7000.0,12.333333333333334,1.7666666666666666,7.266666666666666,1.8,24.666666666666668,8.9,34.833333333333336,65.375,56.3,-0.038756874387855,32.0
2019,ARIZONA,23000.0,12.333333333333334,3.1999999999999997,8.533333333333333,16.966666666666665,6.433333333333334,1.2333333333333334,36.233333333333334,60.25833333333333,14.69,-0.0033799216116177084,589.0
2019,ARKANSAS,20000.0,13.666666666666666,3.8333333333333335,6.7,37.86666666666667,20.3,25.0,40.13333333333333,61.21666666666667,65.65,-0.02482594814324275,
2019,CALIFORNIA,335000.0,12.666666666666666,6.766666666666667,9.266666666666666,13.200000000000001,11.933333333333332,4.6000000000000005,44.333333333333336,58.40833333333333,29.12,-0.08798149382467185,810.0
2019,COLORADO,32000.0,20.0,1.5999999999999999,4.833333333333333,8.5,4.766666666666667,0.8000000000000002,52.9,45.26666666666666,18.91,-0.0002573817357761833,227.0
2019,FLORIDA,205000.0,11.0,6.533333333333334,8.966666666666667,17.599999999999998,23.7,7.033333333333334,45.1,73.18333333333334,52.1,-0.6254806951205377,12.0
2019,GEORGIA,102000.0,12.333333333333334,4.866666666666666,10.100000000000001,14.833333333333334,18.2,4.633333333333334,52.133333333333326,66.21666666666667,47.89,-0.054787959232529854,24.0
2019,HAWAII,16000.0,3.6666666666666665,0.19999999999999998,1.4333333333333333,0.5666666666666667,55.23333333333333,0.06666666666666667,51.1,32.19166666666667,38.0,,
2019,IDAHO,92000.0,8.666666666666666,11.700000000000001,12.333333333333334,9.866666666666667,9.233333333333333,0.9500000000000001,34.9,42.98333333333333,23.41,-0.014252734570093817,26.0
2019,ILLINOIS,11000.0,15.333333333333334,1.6333333333333335,9.966666666666667,2.1999999999999997,16.766666666666666,10.166666666666666,32.699999999999996,52.1,49.86,-0.011197374240513659,17.0
2019,INDIANA,9000.0,8.333333333333334,2.733333333333333,9.3,11.766666666666667,13.0,1.2333333333333332,30.666666666666668,52.4,49.519999999999996,-0.006064044568592017,53.0
2019,IOWA,38000.0,15.666666666666666,4.0,18.400000000000002,17.266666666666666,8.866666666666667,3.766666666666667,45.06666666666666,46.81666666666666,41.63,-0.0021250910334415164,57.0
2019,KANSAS,7000.0,23.666666666666668,12.066666666666668,7.733333333333334,26.5,18.866666666666664,6.3,73.39999999999999,53.81666666666666,36.03,-0.004326269261419192,169.0
2019,KENTUCKY,6000.0,11.666666666666666,0.2333333333333333,10.200000000000001,5.266666666666667,16.866666666666667,7.7,27.933333333333334,57.475,61.31,-0.012422013825953293,23.0
2019,LOUISIANA,54000.0,7.0,1.3333333333333333,3.1999999999999997,19.333333333333332,28.866666666666664,1.4333333333333336,52.633333333333326,67.70833333333333,61.87,-0.5136987503490036,
2019,MAINE,15000.0,7.666666666666667,0.06666666666666667,0.6333333333333333,0.8333333333333334,0.26666666666666666,0.3666666666666667,10.966666666666667,40.675000000000004,49.99,-0.3725526089735595,6.0
2019,MICHIGAN,94000.0,13.0,6.466666666666666,5.133333333333333,5.266666666666667,10.633333333333333,2.0,32.63333333333333,43.93333333333334,41.83,-0.3067851729993632,10.0
2019,MINNESOTA,118000.0,12.333333333333334,2.3666666666666667,3.466666666666667,6.5,5.3999999999999995,2.3000000000000003,31.166666666666668,39.300000000000004,35.65,-0.15073717187499996,185.0
2019,MISSISSIPPI,22000.0,11.0,23.766666666666666,5.466666666666666,29.233333333333334,51.53333333333333,5.266666666666667,38.233333333333334,65.22500000000001,68.06,-0.012312706459812242,
2019,MISSOURI,10000.0,11.0,0.8333333333333334,3.0,0.46666666666666673,5.1000000000000005,1.4000000000000001,14.333333333333334,54.975,53.82,-0.021924544200478915,2.0
2019,MONTANA,173000.0,8.666666666666666,5.3,2.5666666666666664,2.5666666666666664,5.9,0.7999999999999999,19.599999999999998,39.875,21.41,-0.01564345690148704,
2019,NEBRASKA,39000.0,10.333333333333334,11.266666666666666,4.066666666666666,2.3666666666666667,1.6666666666666667,2.8000000000000003,22.433333333333334,47.49166666666667,31.37,0.0002491666914413334,2.0
2019,NEW JERSEY,15000.0,3.3333333333333335,0.09999999999999999,1.7666666666666666,0.06666666666666667,2.5333333333333337,0.39999999999999997,14.633333333333335,54.275,51.55,-0.2962496775030311,1.0
2019,NEW YORK,59000.0,13.666666666666666,1.9666666666666668,4.466666666666667,6.199999999999999,12.933333333333332,5.6000000000000005,24.866666666666664,45.24166666666667,48.22,-0.17232421132533493,498.0
2019,NORTH CAROLINA,14000.0,14.0,8.133333333333333,9.2,2.3666666666666667,11.433333333333332,6.933333333333333,29.266666666666666,61.324999999999996,51.15,-0.5560978603241039,2.0
2019,NORTH DAKOTA,520000.0,7.333333333333333,5.5,8.7,6.3999999999999995,5.766666666666666,4.1000000000000005,32.766666666666666,38.0,24.39,-0.031154582716425672,
2019,OHIO,15000.0,16.666666666666668,5.233333333333333,5.3,1.1666666666666667,12.833333333333334,4.866666666666666,41.03333333333333,52.39166666666667,46.87,-0.03304922982755502,3.0
2019,OREGON,87000.0,9.0,8.233333333333333,11.966666666666669,5.699999999999999,5.0,5.633333333333333,29.73333333333333,47.14166666666667,30.03,-0.04487126971642208,7957.0
2019,PENNSYLVANIA,19000.0,14.0,2.1666666666666665,3.766666666666667,4.066666666666666,6.0,6.0,23.96666666666667,49.86666666666667,50.78,-0.0057160244728947,4582.0
2019,SOUTH CAROLINA,16000.0,11.333333333333334,1.15,15.033333333333333,7.133333333333333,14.833333333333334,3.6666666666666665,40.03333333333333,65.01666666666667,46.03,-0.1424552952628968,8.0
2019,SOUTH DAKOTA,270000.0,10.0,1.1666666666666667,5.333333333333333,7.366666666666667,4.8,1.7333333333333334,7.8,42.34166666666667,31.39,-0.011591545753694359,1.0
2019,TENNESSEE,8000.0,21.666666666666668,1.7666666666666666,8.933333333333332,14.533333333333333,33.46666666666667,5.8999999999999995,60.26666666666666,59.833333333333336,66.92,-0.029487449199588466,23.0
2019,TEXAS,126000.0,6.666666666666667,4.766666666666667,6.633333333333333,8.233333333333334,12.933333333333332,2.1666666666666665,23.7,65.89166666666667,26.86,-0.10819590311663647,34.0
2019,UTAH,22000.0,13.333333333333334,2.533333333333333,0.3666666666666667,3.5,2.3000000000000003,4.566666666666667,24.8,47.875,16.939999999999998,-0.25640624571901954,597.0
2019,VERMONT,6000.0,3.0,1.2333333333333332,0.43333333333333335,0.26666666666666666,1.8999999999999997,0.7333333333333334,16.466666666666665,41.875,51.4,-0.164512129428778,116.0
2019,VIRGINIA,5000.0,13.666666666666666,0.7000000000000001,3.966666666666667,0.5333333333333333,16.566666666666666,6.133333333333333,30.733333333333334,57.475,46.0,-0.1631256720507505,4.0
2019,WASHINGTON,81000.0,14.666666666666666,1.2333333333333334,4.366666666666667,8.166666666666666,1.3333333333333333,1.2333333333333334,36.63333333333333,46.525,33.06,-0.16375209431382995,3.0
2019,WEST VIRGINIA,6000.0,16.333333333333332,0.9666666666666668,6.0,1.1,8.2,1.2666666666666668,36.6,54.15833333333333,48.239999999999995,0.0003939846796208917,79.0
2019,WISCONSIN,46000.0,16.666666666666668,9.799999999999999,14.1,11.100000000000001,15.266666666666666,5.3999999999999995,34.1,42.141666666666666,44.55,-0.08127569656197586,1.0
2019,WYOMING,39000.0,8.666666666666666,2.1999999999999997,3.6999999999999997,0.7333333333333334,4.233333333333333,6.0,24.666666666666668,40.275,18.34,-0.009875961906348674,56.0
2020,ALABAMA,7000.0,19.75,4.25,4.325,5.45,23.425,10.6,39.150000000000006,64.86666666666666,68.67,-0.03875186924838798,
2020,ARIZONA,25000.0,18.5,1.9,6.8,2.6,0.0,10.025,25.1,62.61666666666667,6.56,-0.0033787700008953837,83.0
2020,ARKANSAS,20000.0,9.5,3.5666666666666664,3.1,13.475000000000001,16.625,9.475,37.3,61.15,63.82,-0.024821100447609334,
2020,CALIFORNIA,320000.0,10.75,5.825,6.3,5.475,8.325,3.725,33.85,60.51666666666667,12.07,-0.08798043713488098,142.0
2020,COLORADO,30000.0,15.75,,4.625,0.0,0.3666666666666667,6.55,23.55,47.25833333333333,12.23,-0.0002677676352825583,2240.0
2020,FLORIDA,192000.0,11.5,8.025,6.2,11.375,17.95,9.3,37.25,73.22500000000001,57.980000000000004,-0.6254822550851877,
2020,GEORGIA,101000.0,12.5,4.066666666666667,5.033333333333333,4.6000000000000005,14.6,10.15,45.975,65.60833333333333,60.46,-0.05478407321669824,2.0
2020,HAWAII,15000.0,6.5,1.0,1.5,0.0,57.65,0.0,59.575,27.474999999999998,37.94,,
2020,IDAHO,107000.0,14.25,7.366666666666667,5.7,6.775,5.800000000000001,4.225,37.925,44.333333333333336,22.19,-0.014249637024509118,5.0
2020,ILLINOIS,10000.0,14.25,1.3,7.125,4.025,10.625,7.325,23.8,53.30833333333333,41.93,-0.011195123018202009,51.0
2020,INDIANA,9000.0,10.5,1.75,2.6,12.375,7.275,3.675,25.675,53.291666666666664,42.4,-0.006058515363539092,64.0
2020,IOWA,35000.0,9.75,5.775,3.875,3.55,14.225,2.466666666666667,35.45,49.15,29.28,-0.002124559162743025,20.0
2020,KANSAS,8000.0,17.0,12.15,15.125,27.0,24.325,17.166666666666668,53.3,55.61666666666667,25.85,-0.004332882436760617,
2020,KENTUCKY,7000.0,11.0,1.1333333333333333,5.275,0.9333333333333332,6.575,5.95,20.7,57.14166666666667,58.11,-0.012419656287003025,71.0
2020,LOUISIANA,33000.0,5.25,1.475,2.85,1.0,7.25,1.7666666666666666,24.9,68.15833333333333,66.96000000000001,-0.5136945522720134,
2020,MAINE,10000.0,7.75,7.175,2.125,0.0,1.85,2.45,40.675000000000004,43.50833333333333,40.63,-0.3725442733017377,
2020,MICHIGAN,95000.0,14.0,3.6333333333333333,4.233333333333333,6.0,7.975,1.775,35.525,46.541666666666664,35.31,-0.3067765511863487,3.0
2020,MINNESOTA,108000.0,7.5,0.5666666666666667,3.1750000000000003,12.066666666666668,2.05,2.15,21.9,42.40833333333333,24.39,-0.15072664150165013,806.0
2020,MISSISSIPPI,25000.0,11.5,0.0,8.525,1.0999999999999999,38.0,5.233333333333333,51.3,65.45,68.84,-0.01230564393732446,
2020,MISSOURI,9000.0,22.75,3.3000000000000003,4.7,1.5750000000000002,5.4,2.125,17.425,55.75833333333333,46.34,-0.021924000633892732,3.0
2020,MONTANA,110000.0,7.666666666666667,4.6,4.525,0.8666666666666667,4.824999999999999,3.6,16.95,43.28333333333333,16.89,-0.015637283905188266,4.0
2020,NEBRASKA,37000.0,8.5,2.8666666666666667,11.399999999999999,10.666666666666666,0.9500000000000001,3.266666666666667,11.674999999999999,50.550000000000004,18.24,0.000244386059910325,
2020,NEW JERSEY,14000.0,6.0,5.625,8.366666666666665,8.450000000000001,2.85,1.5,13.325,55.525,49.85,-0.29624780431006337,28.0
2020,NEW YORK,58000.0,7.0,2.3,2.95,1.65,5.1,3.35,16.175,47.81666666666666,39.28,-0.17231629363489462,7.0
2020,NORTH CAROLINA,12000.0,11.0,3.3499999999999996,1.2666666666666666,1.8999999999999997,11.125,2.8000000000000003,41.725,60.824999999999996,66.55,-0.5560970270674271,
2020,NORTH DAKOTA,495000.0,8.75,4.975,4.125,4.675,4.525,2.2,37.725,42.25833333333333,12.92,-0.031146101627668375,
2020,OHIO,16000.0,14.0,2.25,5.9,5.3,9.6,7.45,28.1,53.025,42.31,-0.03304703428510523,
2020,OREGON,95000.0,7.5,6.45,4.525,4.7,4.8,2.3333333333333335,30.825,48.824999999999996,28.76,-0.04486429889719709,5.0
2020,PENNSYLVANIA,19000.0,6.75,1.6749999999999998,3.325,1.7666666666666666,5.675,2.35,25.6,51.166666666666664,43.26,-0.005713676262712458,3520.0
2020,SOUTH CAROLINA,16000.0,11.0,3.3666666666666667,4.075,3.75,12.7,2.65,23.65,64.61666666666666,59.87,-0.14245244626322748,
2020,SOUTH DAKOTA,245000.0,11.0,3.35,56.95,23.833333333333332,18.266666666666666,3.033333333333333,44.4,46.75833333333333,16.169999999999998,-0.011589745392109574,
2020,TENNESSEE,7000.0,12.0,1.65,2.9749999999999996,3.0999999999999996,16.5,4.55,30.4,59.275,65.73,-0.02948517713303341,
2020,TEXAS,157000.0,10.25,2.1999999999999997,4.550000000000001,4.925,8.65,5.15,22.5,66.86666666666666,26.169999999999998,-0.10820605575698072,36.0
2020,UTAH,28000.0,8.75,17.1,6.699999999999999,13.45,8.6,12.899999999999999,47.125,50.38333333333333,7.24,-0.25640809082157795,25.0
2020,VERMONT,6000.0,4.0,0.525,1.15,1.1749999999999998,0.6666666666666666,1.55,14.1,44.824999999999996,40.21,-0.16450376271014097,102.0
2020,VIRGINIA,5000.0,14.25,1.6,5.3,2.0,10.1,3.325,27.25,57.425000000000004,61.4,-0.16312456356290064,1.0
2020,WASHINGTON,98000.0,7.0,11.799999999999999,2.4333333333333336,3.65,20.2,2.5,14.25,48.05833333333334,45.25,-0.1637445033977851,6.0
2020,WEST VIRGINIA,6000.0,9.0,2.2333333333333334,2.9,1.7,5.8,1.8666666666666665,22.1,53.949999999999996,53.77,0.00037889915816897497,4.0
2020,WISCONSIN,45000.0,8.75,18.95,11.025,19.533333333333335,13.15,12.700000000000001,31.875,44.824999999999996,34.19,-0.08126616854385826,
2020,WYOMING,38000.0,6.25,0.3,2.075,2.35,0.0,1.2999999999999998,20.466666666666665,42.78333333333333,11.719999999999999,-0.009880596344554083,34.0
2021,ALABAMA,8000.0,16.5,1.225,6.925,6.633333333333333,33.975,3.675,51.4,64.2,65.16,-0.03875446471749507,3.0
2021,ARIZONA,26000.0,21.25,3.433333333333333,3.7,2.775,10.700000000000001,5.55,25.400000000000002,62.1,12.57,-0.0033866296745875837,30.0
2021,ARKANSAS,17000.0,12.0,2.225,3.05,18.05,25.325,2.925,36.85,61.35,50.230000000000004,-0.02482021463710865,
2021,CALIFORNIA,290000.0,9.0,6.825,7.9,9.55,9.625,3.55,31.625,60.35,18.93,-0.08799241056486944,75.0
2021,COLORADO,29000.0,14.5,0.725,2.625,0.0,0.0,3.6,19.1,47.475,17.1,-0.00025411677439669166,1061.0
2021,FLORIDA,193000.0,12.0,5.725,8.225000000000001,9.975,18.575,8.35,37.575,72.19166666666666,55.38,-0.6254837563745944,7.0
2021,GEORGIA,96000.0,17.25,4.85,7.1,6.025,21.275000000000002,6.3,49.375,64.60000000000001,57.14,-0.05478774597652203,
2021,HAWAII,20000.0,3.0,6.566666666666666,1.5666666666666667,4.5,49.05,0.3,60.324999999999996,26.483333333333334,38.68,,
2021,IDAHO,100000.0,9.25,3.225,3.65,9.45,5.4,5.1,43.8,45.416666666666664,21.009999999999998,-0.0142526265890058,1.0
2021,ILLINOIS,10000.0,11.5,1.75,7.175,2.375,9.0,7.425000000000001,32.725,53.76666666666666,41.01,-0.011190257398797768,39.0
2021,INDIANA,10000.0,12.5,4.275,3.5749999999999997,11.6,14.0,2.475,34.95,53.5,45.45,-0.006052282230043075,
2021,IOWA,38000.0,8.0,1.6333333333333335,3.7999999999999994,6.85,1.5,3.9749999999999996,14.5,50.0,30.84,-0.002119420279348283,2.0
2021,KANSAS,7000.0,21.5,4.699999999999999,13.225,9.75,18.900000000000002,9.325,42.7,56.11666666666667,27.25,-0.004328541858546266,
2021,KENTUCKY,7000.0,9.75,1.3,5.925,1.1,19.525,8.725,35.625,56.958333333333336,53.39,-0.012410081648632167,44.0
2021,LOUISIANA,37000.0,9.0,0.0,7.066666666666666,0.8,3.8,3.325,31.85,67.48333333333333,66.28,-0.5137004519596552,
2021,MAINE,11000.0,10.75,0.0,8.975,1.25,5.175000000000001,1.025,17.275,44.225,39.75,-0.3725298731499958,36.0
2021,MICHIGAN,100000.0,4.5,0.4,1.2750000000000001,7.866666666666667,3.0333333333333337,1.3,29.825,47.4,32.88,-0.306769634454822,7.0
2021,MINNESOTA,125000.0,7.0,0.0,1.7,7.3,0.5666666666666668,1.4333333333333333,13.725,44.300000000000004,23.57,-0.1507169730301155,540.0
2021,MISSISSIPPI,25000.0,12.75,1.125,7.233333333333333,2.433333333333333,6.2,7.675000000000001,29.875,64.68333333333334,65.5,-0.012306839500363065,1112.0
2021,MISSOURI,8000.0,11.25,1.8,6.2,1.025,8.775,4.8999999999999995,19.95,56.300000000000004,44.01,-0.021922504381317775,
2021,MONTANA,117000.0,6.5,1.45,8.299999999999999,4.433333333333334,1.1,1.75,20.625,43.96666666666667,14.309999999999999,-0.01564715013417295,9.0
2021,NEBRASKA,38000.0,9.5,2.8,2.475,3.725,1.5,1.2666666666666666,17.5,51.041666666666664,22.6,0.00024786741777249106,
2021,NEW JERSEY,15000.0,2.25,0.5,1.2333333333333334,1.425,4.45,1.3333333333333333,12.45,55.083333333333336,47.87,-0.29624652525181866,
2021,NEW YORK,57000.0,15.5,1.275,8.35,2.275,14.1,5.75,34.125,47.71666666666667,46.25,-0.17231254473245375,
2021,NORTH CAROLINA,13000.0,11.5,0.45,3.5999999999999996,,5.625,2.1999999999999997,28.175,60.23333333333333,47.6,-0.5560964107487811,
2021,NORTH DAKOTA,515000.0,6.333333333333333,2.0,4.575,4.1,2.05,5.5,25.225,43.800000000000004,15.629999999999999,-0.031153068903743017,
2021,OHIO,16000.0,11.5,3.4,6.25,7.9,28.25,4.675,51.0,53.175000000000004,41.68,-0.0330369305412681,
2021,OREGON,86000.0,7.0,4.925,4.6499999999999995,5.75,12.675,1.2333333333333334,24.55,49.19166666666666,28.509999999999998,-0.04487276989277648,
2021,PENNSYLVANIA,20000.0,11.75,1.9666666666666668,4.8,2.15,10.025,3.5,27.575,51.166666666666664,46.11,-0.005714245994993475,6098.0
2021,SOUTH CAROLINA,15000.0,10.5,2.45,4.575,5.266666666666667,13.4,2.775,35.2,63.725,47.47,-0.14245768733465605,3.0
2021,SOUTH DAKOTA,250000.0,5.5,1.5666666666666667,14.366666666666667,5.166666666666667,6.4,1.1,30.525,48.025,18.15,-0.011592424306376225,
2021,TENNESSEE,8000.0,9.5,0.95,2.5,1.325,8.05,4.95,26.575,59.025,58.78,-0.029481672540861842,
2021,TEXAS,137000.0,9.0,0.8,5.4,7.875,7.675000000000001,3.0,23.85,66.15,28.79,-0.10820248356467528,84.0
2021,UTAH,31000.0,10.5,3.6666666666666665,1.6333333333333335,6.425,9.1,3.225,32.55,50.675000000000004,13.55,-0.25641035372468435,203.0
2021,VERMONT,6000.0,6.333333333333333,1.9000000000000001,4.3999999999999995,0.0,1.4666666666666666,0.4666666666666666,22.675,44.949999999999996,41.61,-0.1644962886953181,227.0
2021,VIRGINIA,6000.0,11.0,1.325,4.1,1.325,9.625,3.4250000000000003,19.05,57.050000000000004,40.86,-0.1631229014909401,52.0
2021,WASHINGTON,96000.0,6.0,4.075,7.375,2.0,6.575,1.2000000000000002,30.775,48.25833333333333,43.87,-0.16374834996446758,12.0
2021,WEST VIRGINIA,6000.0,7.25,3.15,1.5,3.6,7.1499999999999995,2.4000000000000004,14.325,53.64166666666667,42.58,0.000391486933322325,
2021,WISCONSIN,42000.0,8.25,7.333333333333333,5.625,11.75,28.049999999999997,3.525,31.65,45.76666666666667,29.89,-0.08125843862758547,
2021,WYOMING,38000.0,10.25,4.65,1.9749999999999999,1.85,1.5999999999999999,2.9250000000000003,9.025,43.64166666666667,14.37,-0.009880558508542516,39.0
2022,ALABAMA,10000.0,11.75,0.375,9.95,3.85,16.675,4.925,41.675,64.01666666666667,57.85,-0.03875717548665519,480.0
2022,ARIZONA,23000.0,10.5,1.575,3.3666666666666667,1.5,0.4666666666666666,2.033333333333333,11.875,61.23333333333333,12.07,-0.0033835712918318665,93.0
2022,ARKANSAS,20000.0,11.75,1.0,4.8999999999999995,15.200000000000001,14.025,4.55,23.85,61.15,51.69,-0.024823066518079348,
2022,CALIFORNIA,305000.0,7.75,7.8,15.275,9.275,13.85,4.8,37.45,60.050000000000004,14.1,-0.08798991222565362,295.0
2022,COLORADO,31000.0,8.75,2.1999999999999997,10.700000000000001,0.3,0.0,4.166666666666667,16.05,46.19166666666667,16.48,-0.000261570646796275,335.0
2022,FLORIDA,210000.0,15.75,3.6500000000000004,10.15,11.525,18.475,9.525,40.125,72.52499999999999,54.769999999999996,-0.6254834193541376,14.0
2022,GEORGIA,103000.0,18.5,3.075,9.75,5.125,14.825,5.2250000000000005,40.0,64.78333333333333,45.83,-0.054790549475573436,40.0
2022,IDAHO,94000.0,10.75,4.266666666666667,5.6,15.775,5.475,4.825,37.85,43.53333333333333,22.04,-0.014251896325777084,
2022,ILLINOIS,10000.0,13.75,1.55,4.1,5.4750000000000005,10.850000000000001,10.025,25.25,52.05833333333333,37.25,-0.011184835470616626,18.0
2022,INDIANA,9000.0,17.5,6.8,9.225,17.425,11.149999999999999,6.925000000000001,37.375,52.175000000000004,38.18,-0.006052150418138425,
2022,IOWA,48000.0,4.75,1.4000000000000001,2.5,1.5499999999999998,4.625,3.95,22.7,47.50833333333333,27.32,-0.00211596212340185,239.0
2022,KANSAS,6000.0,13.25,2.0250000000000004,14.925,13.6,8.2,6.525,50.0,55.15,21.240000000000002,-0.004344531148813408,
2022,KENTUCKY,7000.0,10.25,3.425,8.05,1.7333333333333332,10.35,15.6,25.475,56.324999999999996,49.31,-0.012419391275283359,81.0
2022,LOUISIANA,42000.0,9.5,1.725,2.525,2.3000000000000003,21.025,3.725,40.85,67.25,55.58,-0.513699135343594,
2022,MAINE,10000.0,17.75,17.266666666666666,3.5,14.975,1.125,0.95,25.5,43.38333333333333,49.95,-0.3725302758896649,2.0
2022,MICHIGAN,82000.0,8.5,3.35,3.275,3.65,3.0,3.5,16.75,45.06666666666666,32.62,-0.306774170528786,7.0
2022,MINNESOTA,102000.0,3.75,0.0,2.533333333333333,6.85,0.6999999999999998,1.4666666666666668,6.449999999999999,40.0,26.830000000000002,-0.150729926825495,291.0
2022,MISSISSIPPI,21000.0,13.25,2.5,8.65,2.825,12.45,7.2250000000000005,35.975,64.66666666666667,59.58,-0.012309779755735849,1600.0
2022,MISSOURI,8000.0,8.5,0.4,6.2,0.45,8.375,2.6,13.875,55.025,40.26,-0.021927012266634547,
2022,MONTANA,123000.0,2.75,0.43333333333333335,5.633333333333333,3.0,2.9333333333333336,0.2333333333333333,16.7,42.075,18.28,-0.015649047330440133,
2022,NEBRASKA,34000.0,6.75,4.025,2.733333333333333,0.5666666666666667,11.6,4.85,19.825,49.650000000000006,15.62,0.00024071008782868334,
2022,NEW JERSEY,16000.0,4.5,0.7,0.6,0.3,5.225,3.4,12.675,54.34166666666667,44.05,-0.29624272538355717,
2022,NEW YORK,54000.0,11.75,9.733333333333334,16.799999999999997,14.566666666666668,15.024999999999999,4.7,39.05,46.55833333333334,43.13,-0.1723049540039696,9.0
2022,NORTH CAROLINA,13000.0,8.5,2.6999999999999997,2.3333333333333335,1.25,10.725,1.0333333333333334,24.15,59.925000000000004,46.629999999999995,-0.5560999915677797,
2022,NORTH DAKOTA,520000.0,9.666666666666666,1.6750000000000003,4.525,6.550000000000001,11.899999999999999,1.3,40.925,39.425000000000004,18.85,-0.03115553574798231,
2022,OHIO,19000.0,7.25,3.1,3.25,4.966666666666666,8.775,3.55,35.525,51.73333333333333,40.24,-0.03304300286597341,
2022,OREGON,92000.0,12.0,8.85,11.166666666666666,9.4,14.675,1.0999999999999999,41.025,48.30833333333334,29.5,-0.04486916444460116,
2022,PENNSYLVANIA,23000.0,8.0,0.9,2.75,3.133333333333333,6.1,2.7,27.2,49.64166666666667,44.93,-0.005707170592812849,6099.0
2022,SOUTH CAROLINA,13000.0,12.75,1.4,4.425,6.666666666666667,15.025,2.75,31.625,63.76666666666667,45.43,-0.14245941827876982,3.0
2022,SOUTH DAKOTA,185000.0,8.0,1.6666666666666667,10.8,10.266666666666667,17.275,0.95,35.849999999999994,45.175000000000004,16.990000000000002,-0.011589614249477026,
2022,TENNESSEE,9000.0,22.0,3.7,10.0,4.6,14.225,4.65,23.875,58.541666666666664,54.81,-0.029488870653035598,9.0
2022,TEXAS,157000.0,6.75,2.4499999999999997,5.1,3.6,13.775,1.75,21.2,66.5,21.24,-0.10822354297485043,120.0
2022,UTAH,26000.0,12.25,3.85,13.200000000000001,8.5,6.0,4.266666666666667,24.55,49.53333333333333,11.4,-0.25640945506590396,12.0
2022,VERMONT,6000.0,3.25,0.775,1.525,1.325,1.9,0.3666666666666667,20.2,44.208333333333336,43.92,-0.16448762964343816,235.0
2022,VIRGINIA,7000.0,11.0,1.3333333333333333,9.525,0.9666666666666667,17.6,5.15,33.575,56.208333333333336,45.56,-0.16312983607816034,28.0
2022,WASHINGTON,86000.0,8.0,2.6333333333333333,7.0,1.1333333333333333,5.8999999999999995,3.5,26.049999999999997,47.09166666666667,42.4,-0.1637511401210075,5.0
2022,WEST VIRGINIA,7000.0,10.5,2.475,4.466666666666667,1.15,6.95,1.1,19.275,52.35,49.37,0.000385355623761875,14.0
2022,WISCONSIN,53000.0,9.75,10.5,6.625,10.625,14.633333333333333,6.275,19.599999999999998,42.85833333333334,32.28,-0.08126610473998827,
2022,WYOMING,30000.0,9.25,3.55,1.425,1.225,3.2,3.066666666666667,12.95,41.958333333333336,14.72,-0.009875372512489133,17.0
2023,ALABAMA,10000.0,11.25,3.8,8.325,1.425,31.625,7.25,52.125,65.34166666666667,51.120000000000005,-0.0387661088878346,1010.0
2023,ARIZONA,34000.0,15.5,1.2000000000000002,6.6000000000000005,1.5,0.0,6.033333333333332,34.85,60.73333333333333,11.03,-0.003385355094937558,301.0
2023,ARKANSAS,19000.0,16.75,4.925,2.375,16.175,22.7,3.95,46.0,62.925000000000004,52.33,-0.024823244497020443,
2023,CALIFORNIA,325000.0,10.5,5.25,10.475,6.175,6.975,6.5,36.475,58.25,27.38,-0.08798636581751147,323.0
2023,COLORADO,25000.0,9.75,2.15,3.8,4.633333333333334,1.7,3.3499999999999996,30.675,45.59166666666667,19.05,-0.00025524585590986666,548.0
2023,FLORIDA,147000.0,12.5,5.375,11.6,15.450000000000001,16.400000000000002,10.025,35.925,73.26666666666667,54.45,-0.6254858136300417,
2023,GEORGIA,77000.0,17.25,2.1666666666666665,9.925,5.2,11.25,8.9,34.2,65.60000000000001,51.95,-0.05479344210827005,2.0
2023,IDAHO,92000.0,4.75,6.833333333333333,1.275,5.25,3.4,2.575,31.65,43.76666666666667,22.13,-0.014249807341449207,3.0
2023,ILLINOIS,9000.0,10.0,1.375,5.6499999999999995,4.625,12.575,5.775,28.825,54.74166666666667,34.65,-0.011187573497814608,2.0
2023,INDIANA,9000.0,11.5,3.0666666666666664,7.025,6.125,13.75,1.9333333333333333,34.25,54.324999999999996,37.05,-0.006051985268939166,
2023,IOWA,40000.0,3.25,2.9,2.35,9.7,4.1,8.8,22.075,50.51666666666667,26.93,-0.0021219876422521084,1.0
2023,KANSAS,5000.0,16.75,0.4,14.625,23.225,19.975,12.0,48.35,56.34166666666667,25.6,-0.004340174386374817,217.0
2023,KENTUCKY,10000.0,9.0,1.0,3.4000000000000004,5.475,7.300000000000001,5.35,20.825,58.09166666666666,44.06,-0.012418980412335433,185.0
2023,LOUISIANA,51000.0,7.5,1.2,8.725,5.15,8.8,2.55,29.925,69.63333333333334,43.66,-0.513704872526437,
2023,MAINE,12000.0,9.5,1.0,0.65,1.55,1.9,1.325,17.0,44.31666666666666,54.15,-0.3725522963956099,
2023,MICHIGAN,70000.0,9.25,1.55,3.525,1.95,3.0250000000000004,4.425,15.2,47.425000000000004,33.43,-0.3067778794900823,12.0
2023,MINNESOTA,106000.0,6.0,1.5666666666666664,1.625,10.666666666666666,2.533333333333333,4.2250000000000005,19.5,43.75833333333333,24.16,-0.1507352879022277,
2023,MISSISSIPPI,25000.0,9.0,0.7000000000000001,12.325,3.225,4.175,2.4000000000000004,20.825,66.74166666666666,47.72,-0.012320298814190807,909.0
2023,MISSOURI,9000.0,6.25,0.4,5.4750000000000005,0.43333333333333335,6.05,4.325,21.075000000000003,57.4,35.8,-0.021923724493026434,
2023,MONTANA,114000.0,5.0,1.9249999999999998,7.375,3.6333333333333333,0.25,0.8,19.799999999999997,43.85,18.41,-0.015640209427391052,1.0
2023,NEBRASKA,33000.0,7.75,0.3666666666666667,3.5,0.775,4.8,3.1666666666666665,20.724999999999998,50.43333333333334,24.81,0.0002397546284293165,
2023,NEW JERSEY,15000.0,4.5,0.6,1.3333333333333333,0.7999999999999999,3.575,1.75,15.25,55.55833333333334,50.54,-0.2962476654308897,
2023,NEW YORK,41000.0,9.0,7.8500000000000005,8.5,3.5,12.4,5.466666666666666,29.675,48.21666666666667,46.92,-0.1723184268195502,
2023,NORTH CAROLINA,11000.0,11.5,1.8499999999999999,2.35,0.6,7.0,2.175,29.525,60.76666666666667,48.83,-0.5560984936988317,
2023,NORTH DAKOTA,510000.0,6.0,1.625,3.0,7.733333333333333,3.85,0.0,44.525,42.0,17.45,-0.031162059213454833,
2023,OHIO,20000.0,8.0,0.7,6.9,6.35,16.375,6.725,44.0,53.53333333333333,37.75,-0.033039976260727084,
2023,OREGON,90000.0,12.0,9.775,10.7,13.0,11.525,1.5333333333333332,42.925,48.025,28.840000000000003,-0.04487584453771628,
2023,PENNSYLVANIA,20000.0,9.0,2.1999999999999997,1.375,4.775,6.55,3.35,21.1,51.50833333333333,42.96,-0.0057065516469996585,6008.0
2023,SOUTH CAROLINA,11000.0,9.75,3.4,11.475,9.85,11.425,5.425,41.775,64.29166666666667,51.6,-0.14245907514880948,
2023,SOUTH DAKOTA,210000.0,3.75,2.55,7.225,9.666666666666666,14.925,0.7,23.825000000000003,46.724999999999994,23.33,-0.011598127008560026,
2023,TENNESSEE,12000.0,12.5,0.45,3.125,1.5999999999999999,3.775,2.825,19.575,59.949999999999996,48.79,-0.029494457081548877,1.0
2023,TEXAS,111000.0,5.0,3.733333333333333,15.174999999999999,11.075,15.825000000000001,5.45,25.0,68.10000000000001,24.0,-0.10821101895772982,73.0
2023,UTAH,24000.0,13.25,21.3,12.025,20.425,23.625,1.8666666666666665,49.55,48.46666666666667,15.02,-0.25641072512866075,
2023,VERMONT,6000.0,2.25,0.3,1.0,0.5333333333333333,6.766666666666667,1.275,12.549999999999999,45.78333333333333,53.32,-0.16451496910023497,43.0
2023,VIRGINIA,5000.0,11.5,1.7999999999999998,4.65,0.0,13.425,3.4,30.475,57.475,41.43,-0.16312840002255363,
2023,WASHINGTON,83000.0,10.5,4.175,6.533333333333334,4.325,1.625,9.866666666666667,28.05,48.36666666666667,35.82,-0.16374982141270872,390.0
2023,WEST VIRGINIA,6000.0,7.5,0.9333333333333332,1.775,0.8500000000000001,4.075,1.3499999999999999,20.325,53.958333333333336,40.13,0.0003883035493938167,
2023,WISCONSIN,62000.0,9.25,13.674999999999999,13.575000000000001,15.8,4.275,14.674999999999999,38.925,46.30833333333334,30.11,-0.08127112261460076,
2023,WYOMING,27000.0,4.0,0.175,1.575,0.675,3.075,2.0,12.725,41.766666666666666,18.88,-0.009873004256454817,
2024,CALIFORNIA,310000.0,10.5,10.425,10.65,15.875,19.025,7.6,43.925,60.474999999999994,26.1,-0.08797825859170566,71.0
2024,FLORIDA,124000.0,11.25,4.225,11.975000000000001,12.3,14.025,4.725,33.625,72.90833333333333,56.84,-0.6254822121653337,
2024,GEORGIA,64000.0,18.5,2.5500000000000003,12.649999999999999,3.65,12.6,7.775,28.425,65.925,56.47,-0.05478900808558263,
2024,IDAHO,114000.0,8.75,4.25,6.933333333333334,4.1,9.533333333333333,3.033333333333333,31.6,45.333333333333336,22.34,-0.01424267724613574,
2024,IOWA,41000.0,7.0,1.95,4.3,1.15,7.933333333333333,1.85,19.85,51.525,37.05,-0.0021101838508753167,
2024,LOUISIANA,68000.0,14.5,1.0333333333333334,11.25,1.85,2.15,3.125,11.3,69.35,71.52,-0.5136926037413185,
2024,MICHIGAN,82000.0,7.0,6.85,4.425,7.625,5.525,3.7749999999999995,21.675,48.78333333333333,34.6,-0.30675578153376254,
2024,MINNESOTA,127000.0,4.75,1.0,1.475,3.4749999999999996,3.033333333333333,1.875,17.625,45.53333333333333,29.59,-0.15070852341171612,
2024,MISSISSIPPI,29000.0,14.5,7.325,4.2,5.066666666666666,7.125,10.525,21.275,66.46666666666667,57.730000000000004,-0.012311200355141175,1191.0
2024,MONTANA,142000.0,6.0,1.65,4.333333333333333,7.175,0.19999999999999998,0.5666666666666667,24.0,44.333333333333336,17.04,-0.015631798935745317,
2024,NEW YORK,52000.0,6.25,6.0,6.199999999999999,3.25,7.824999999999999,4.45,29.1,48.916666666666664,44.29,-0.17230120468648538,
2024,NORTH CAROLINA,15000.0,12.0,1.1,1.5,0.6,5.65,2.025,20.025,61.14166666666667,53.089999999999996,-0.55609562444424,
2024,NORTH DAKOTA,490000.0,6.0,2.925,8.1,1.9000000000000001,6.65,2.35,34.275,43.78333333333333,18.47,-0.031135606305279725,
2024,OHIO,22000.0,6.75,1.4666666666666668,8.875,3.8,8.85,4.074999999999999,39.475,54.916666666666664,37.88,-0.03303747305185623,
2024,OREGON,84000.0,14.0,11.033333333333333,1.25,11.975,1.825,0.8,35.4,49.01666666666667,36.54,-0.04486774555586903,
2024,PENNSYLVANIA,23000.0,7.75,1.725,3.425,4.95,9.85,3.675,26.0,52.083333333333336,44.84,-0.005707142342795991,36.0
2024,SOUTH DAKOTA,250000.0,6.0,1.9000000000000001,1.0999999999999999,12.633333333333333,5.366666666666667,1.25,13.85,48.26666666666667,19.02,-0.01158248031449899,
2024,TEXAS,89000.0,9.75,2.5,7.875,3.675,15.274999999999999,2.75,27.125,68.575,29.439999999999998,-0.10820392118982348,86.0
2024,WASHINGTON,72000.0,7.25,2.2666666666666666,6.0,4.533333333333334,8.666666666666666,10.733333333333334,32.0,48.449999999999996,42.4,-0.16374317327717236,1787.0
2024,WISCONSIN,57000.0,10.75,6.5,2.6,3.7,11.925,6.175,30.25,47.574999999999996,36.98,-0.08124365109804589,
